{"cameraMode":{"drawMode":0,"name":"Shaded","section":"Shading Mode"},"sceneLighting":true,"audioPlay":false,"sceneViewState":{"m_AlwaysRefresh":false,"showFog":true,"showSkybox":true,"showFlares":true,"showImageEffects":true,"showParticleSystems":true,"showVisualEffectGraphs":true,"m_FxEnabled":true},"in2DMode":false,"pivot":{"x":278.3305358886719,"y":180.38650512695313,"z":71.71307373046875},"rotation":{"x":-0.05113250017166138,"y":0.13084617257118226,"z":0.006757773458957672,"w":0.9900621175765991},"size":421.3328857421875,"orthographic":false}